{"train": [0.6453631216225202, 0.42120243709844846, 0.302928411042861, 0.2725982043565536, 0.25780781829962507, 0.25414899485864834, 0.25024489453062415, 0.24874916163066196, 0.2472081524489719, 0.24628974744458296, 0.24494165820942726, 0.24369228667556955, 0.24211367196888509, 0.24229011017612517, 0.24210955445111418, 0.24133671158294115, 0.23982877557136817, 0.2396828651771001, 0.24034711038176385, 0.24084052776743192, 0.23958077874623188, 0.24023250433270327, 0.23907355004404154, 0.2385365532633538, 0.23835997464387523, 0.2388962169958783, 0.23746336152544245, 0.23818789012390576, 0.23727124109831899, 0.2378906693306312, 0.23748457812891705, 0.2375648960288446, 0.23803822573083583, 0.2371696841873927, 0.23661993522303723, 0.23747740701704365, 0.23692084456544965, 0.23681290785801443, 0.23690984673642865, 0.23631816549297785, 0.23685737072325233, 0.23633799672340197, 0.23696152422134117, 0.23642649302766788, 0.23609290599860186, 0.2360948769831642, 0.23625290043047345, 0.23665811104809917, 0.23584219406135767, 0.23660053582069748], "val": [0.48113691236358136, 0.32445674619521014, 0.2795240452105645, 0.2578079115774017, 0.25120621897804085, 0.2478395598300267, 0.24670396388683002, 0.2436269085301319, 0.2423279057838954, 0.24174397496244637, 0.2420062740711728, 0.2395401368921739, 0.2387524997757282, 0.2399855047769961, 0.2380733870959375, 0.2377421788041829, 0.23779076708160574, 0.2368888398341369, 0.23770233437244315, 0.23663915338693187, 0.2360035289893858, 0.23628194969205651, 0.2357445965972147, 0.23566541093896376, 0.23546764673665166, 0.23519318316539284, 0.2349190206223284, 0.2351519753501634, 0.23453238830552436, 0.23514134708238998, 0.23426186362485169, 0.23468952752591576, 0.23427404810354346, 0.23400887179013807, 0.23429458868486108, 0.23397358677175362, 0.2339262298628455, 0.23376928931975272, 0.23352202263049548, 0.2337058929624618, 0.2334629595061415, 0.23360465197765734, 0.23349231908650836, 0.23341679297300288, 0.23336795653449371, 0.23301510119927116, 0.23370535219146404, 0.23321274868794717, 0.2329410123784328, 0.2328818368987413]}